Model,LMS,SS,ICAT,N
BERT-base,69.1358024691358,51.48148148148148,67.08733424782807,810
BioBERT,76.91358024691358,45.925925925925924,70.64654778235025,810
FinBERT,38.2716049382716,48.27160493827161,36.948635878677024,810
LegalBERT,64.25925925925927,43.82716049382716,56.32601737540009,810
