Model,LMS,SS,ICAT,N
BERT-base,63.29113924050633,51.89873417721519,60.88767825668964,79
BioBERT,72.15189873417721,51.89873417721519,69.41195321262617,79
FinBERT,41.77215189873418,49.36708860759494,41.24339048229451,79
LegalBERT,55.06329113924051,63.29113924050633,40.42621374779682,79
