Model,LMS,SS,ICAT,N
BERT-base,68.03921568627452,50.588235294117645,67.23875432525952,255
BioBERT,74.70588235294117,45.88235294117647,68.55363321799308,255
FinBERT,38.03921568627451,52.156862745098046,36.398308342945015,255
LegalBERT,62.94117647058823,45.09803921568628,56.77047289504037,255
