Model,LMS,SS,ICAT,N
BERT-base,71.46569646569647,43.97089397089397,62.84821123698463,962
BioBERT,77.33887733887734,42.0997920997921,65.11901314396117,962
FinBERT,41.683991683991685,45.11434511434512,37.61091973150186,962
LegalBERT,68.29521829521829,42.82744282744283,58.49819113852378,962
