Model,LMS,SS,ICAT,N
BERT-base,69.84805318138652,47.95821462488129,66.99575851206114,2106
BioBERT,76.661918328585,44.396961063627735,68.07112406194395,2106
FinBERT,39.933523266856604,47.34093067426401,37.809803131107344,2106
LegalBERT,65.5982905982906,44.254510921177584,58.06040535385264,2106
